ID,R,F,M,cluster,tsne_1,tsne_2
1,27,6,232.61,2,-18.855595,-17.51296
2,3,5,1507.11,2,-6.0140424,27.315002
3,4,16,817.62,1,17.318834,-26.433964
4,3,11,232.81,2,9.751812,-27.663904
5,14,7,1913.05,2,3.0862148,19.180225
6,19,6,220.07,2,-19.798412,-12.585347
7,5,2,615.83,2,-28.520397,13.131463
8,26,2,1059.66,2,-6.9388895,4.153527
9,21,9,304.82,2,-16.210297,-14.289139
10,2,21,1227.96,1,22.48478,-24.66034
11,15,2,521.02,2,-21.473164,4.7204146
12,26,3,438.22,2,-27.659197,-13.322102
13,17,11,1744.55,1,19.714512,8.3729105
14,30,16,1957.44,1,15.670625,2.8957193
15,5,7,1713.79,2,-1.0944155,26.884287
16,4,21,1768.11,1,33.27917,-0.5052359
17,93,2,1016.34,0,-4.9227486,-12.45857
18,16,3,950.36,2,-15.122961,7.9752827
19,4,1,754.93,2,-29.00134,14.964967
20,27,1,294.23,2,-30.013208,-13.543634
21,5,1,195.3,2,-38.725643,2.8489883
22,17,3,1845.34,2,-0.62851053,16.26705
23,12,13,1434.29,1,23.264921,10.36216
24,21,3,275.85,2,-28.862955,-8.953763
25,18,5,449.76,2,-19.028643,-6.7845645
26,30,21,1628.68,1,20.84302,-5.754438
27,4,2,1795.41,2,-5.579237,31.563145
28,7,12,1786.24,1,28.869823,10.271756
29,18,1,679.44,2,-18.243557,3.938423
30,60,7,5318.81,0,11.743644,14.068917
31,4,22,873.68,1,24.605877,-23.363708
32,16,1,654.69,2,-19.209244,4.69618
33,3,2,230.37,2,-38.53482,4.7100677
34,14,11,1165.68,2,21.440544,12.698825
35,13,21,1276.31,1,28.705605,-5.983302
36,10,16,334.21,1,15.327829,-21.348501
37,5,5,759.19,2,-24.254086,15.025453
38,1,1,1383.39,2,-9.369861,29.100826
39,24,8,3280.77,1,8.976039,11.436081
40,19,4,154.65,2,-28.190079,-7.6479855
41,9,1,501.38,2,-26.307276,8.150549
42,1,24,1721.93,1,34.415695,-2.7805994
43,14,1,107.18,2,-34.164074,-4.0833125
44,10,1,973.36,2,-15.36617,21.453962
45,10,17,764.55,1,18.45234,-22.655954
46,7,6,1251.4,2,-7.789687,24.73254
47,23,11,923.28,2,8.236124,-6.7070584
48,15,1,1011.18,2,-15.283329,6.6230035
49,1,15,1847.61,1,30.57437,6.4360867
50,3,21,1669.46,1,33.95879,-0.6366092
51,10,3,1758.05,2,-2.7699404,19.902433
52,30,8,1865.99,2,5.4234943,8.17373
53,28,8,1791.44,2,5.726919,7.9223127
54,4,15,874.6,1,16.548437,-26.630083
55,24,5,557.17,2,-17.62693,-4.091136
56,16,2,1025.35,2,-14.617019,7.1029367
57,7,2,1261.47,2,-11.720757,24.790499
58,66,4,2920.81,0,-2.0505083,-7.854846
59,4,2,1266.02,2,-11.109878,26.388762
60,21,11,626.37,2,5.8737926,-9.97871
61,6,4,1105.63,2,-13.461999,24.882523
62,26,21,1465.58,1,21.479105,-6.797474
63,8,21,630.74,1,24.334406,-21.124023
64,26,2,1546.45,2,-2.115349,7.5807095
65,14,11,1577.91,1,20.892534,10.253899
66,17,6,170.16,2,-20.298174,-11.699669
67,20,5,1558.75,2,1.7488828,12.710387
68,5,5,1272.06,2,-8.384841,25.601372
69,26,3,111.02,2,-32.268227,-12.629046
70,15,7,1578.37,2,3.2964149,15.538622
71,26,24,720.26,1,21.438812,-12.679644
72,25,16,873.22,1,13.345766,-9.738365
73,4,7,935.19,2,-21.703995,16.496992
74,23,11,723.67,2,6.643445,-8.977463
75,15,9,1833.01,1,4.6627674,18.571712
76,6,3,681.26,2,-26.82312,13.257968
77,78,11,1461.63,0,-3.4105906,-11.603955
78,15,17,560.57,1,15.055153,-19.354443
79,9,18,1761.19,1,29.57518,1.9056813
80,8,7,1707.25,2,-0.14417768,25.716137
81,28,2,227.14,2,-30.501509,-13.9864435
82,22,3,223.57,2,-29.265903,-9.407123
83,8,6,940.46,2,-20.343824,14.250976
84,23,6,256.3,2,-19.302849,-15.681486
85,5,1,312.44,2,-37.788956,3.421367
86,15,14,929.52,1,11.460704,-19.075409
87,27,15,1296.66,1,14.276054,-2.9320173
88,22,11,591.62,2,5.967112,-10.244633
89,2,2,755.72,2,-27.61455,15.462924
90,18,17,1424.07,1,20.27783,-1.7088286
91,61,8,940.93,0,-4.2947345,-9.771784
92,3,7,414.24,2,-32.01367,7.5595393
93,1,14,576.56,1,14.263244,-28.006523
94,12,22,1037.14,1,26.013678,-16.606895
95,26,5,1200.17,2,-2.0210805,2.8930488
96,1,3,1727.36,2,-5.0934396,29.963026
97,13,16,503.71,1,14.556653,-20.628075
98,19,7,703.36,2,-15.610999,-5.6946044
99,12,17,1583.05,1,27.390064,1.7381245
100,3,18,602.9,1,25.493362,-26.19921
101,5,1,798.41,2,-29.27257,15.514622
102,25,7,1202.09,2,0.97113514,1.2683241
103,85,4,1605.36,0,-4.2965794,-12.019266
104,28,21,1222.34,1,20.311886,-8.136259
105,25,19,593.17,1,15.669999,-12.868747
106,8,6,94.75,2,-32.113903,3.341495
107,14,1,89.7,2,-34.42961,-4.3336473
108,21,15,1061.56,1,13.287733,-6.0706525
109,29,15,978.85,1,12.246974,-9.083788
110,14,3,155.9,2,-33.35562,-2.5114462
111,20,5,938.15,2,-12.803819,9.229617
112,3,24,1477.97,1,33.813015,-4.446869
113,10,6,1976.23,2,1.5322044,21.460592
114,8,5,181.17,2,-32.91497,3.057203
115,17,4,499.65,2,-19.649916,-6.1412654
116,49,1,76.22,0,-7.4990306,-8.174917
117,13,11,267.1,2,7.577074,-24.340206
118,23,1,137.62,2,-31.71754,-10.838044
119,65,5,1383.47,0,-3.8956013,-10.062892
120,20,22,1311.2,1,24.65795,-8.147021
121,22,13,496.61,2,6.4506764,-11.399914
122,21,6,1921.8,2,5.2581277,10.974048
123,14,11,304.1,2,7.480402,-23.862642
124,26,1,468.09,2,-28.520477,-12.686714
125,27,9,432.67,2,-15.640396,-17.371885
126,30,1,368.35,2,-29.523933,-15.136271
127,11,4,759.69,2,-21.77861,10.739969
128,26,3,1110.81,2,-6.121665,3.4294286
129,28,1,53.0,2,-32.42164,-14.420641
130,39,11,1314.21,0,8.376703,-0.86466473
131,11,6,1895.95,2,1.8741754,20.723831
132,23,1,417.23,2,-29.14383,-11.178208
133,3,2,679.58,2,-28.123718,14.283087
134,5,1,533.97,2,-29.519278,12.63732
135,24,8,1134.64,2,1.897748,0.58904696
136,25,6,825.39,2,-10.942716,0.6343655
137,10,6,165.39,2,-31.357584,2.4075
138,29,9,1234.64,2,3.9188578,-0.29950604
139,80,11,1829.32,0,-3.3232121,-12.041859
140,23,1,89.0,2,-32.231365,-10.849602
141,4,2,1557.88,2,-7.494709,30.078289
142,3,8,1328.01,2,-5.745948,24.665668
143,15,7,304.65,2,-18.809593,-10.151564
144,17,23,1505.55,1,26.53516,-6.6462536
145,16,7,711.1,2,-15.613069,-6.820997
146,16,1,539.76,2,-20.393679,4.179568
147,5,1,65.83,2,-39.91134,2.0669234
148,16,3,776.21,2,-16.775412,7.5968146
149,22,18,1820.61,1,18.132793,2.4551136
150,19,4,1997.0,2,0.67597693,16.006315
151,4,22,1846.69,1,33.39656,-1.2300917
152,23,7,1252.41,2,1.4918143,1.5257868
153,7,13,987.17,1,15.157179,-25.455969
154,3,6,1130.03,2,-8.839363,24.431444
155,18,1,148.32,2,-32.510315,-6.530128
156,28,1,135.57,2,-31.552687,-14.390363
157,6,2,1641.79,2,-7.1722355,31.277771
158,7,2,242.83,2,-37.106094,2.3331957
159,21,8,1803.02,2,6.243299,10.919831
160,12,12,1557.95,1,23.871178,10.018991
161,25,4,1494.81,2,-1.1935219,6.5005927
162,26,13,1280.06,1,12.54812,-2.8479097
163,28,1,160.0,2,-31.18996,-14.249375
164,22,9,440.12,2,-15.615812,-14.964255
165,14,1,746.95,2,-18.42812,6.141795
166,12,2,351.09,2,-25.753593,5.9654994
167,6,2,556.91,2,-28.551895,12.186625
168,7,3,957.83,2,-14.887586,23.826597
169,16,16,1212.37,1,21.14824,-0.77249944
170,11,2,946.65,2,-15.809483,20.818357
171,16,13,1442.68,1,21.83263,9.572572
172,5,12,1612.7,1,27.578718,11.069554
173,0,21,1281.68,1,22.373556,-24.28843
174,9,13,1928.8,1,29.330713,8.779123
175,24,7,335.35,2,-18.090744,-16.177357
176,3,8,1589.35,2,-0.7040106,28.390572
177,20,11,797.72,2,5.8979487,-9.064764
178,17,1,793.47,2,-17.157707,5.279008
179,13,16,569.47,1,14.213112,-20.33461
180,10,3,149.5,2,-34.2296,0.37758538
181,17,21,515.38,1,21.461319,-16.94348
182,8,4,187.76,2,-33.57237,2.2274778
183,20,7,1441.83,2,3.1808238,12.427152
184,27,1,121.61,2,-31.519224,-13.529021
185,25,11,934.58,2,7.6011586,-6.3159313
186,16,15,591.06,1,13.061004,-19.692184
187,15,4,951.31,2,-15.101415,8.973027
188,12,11,914.0,2,9.826314,-21.814766
189,3,22,1058.0,1,23.487627,-23.997236
190,9,2,1111.51,2,-13.6020775,22.882671
191,17,9,458.52,2,-15.855866,-11.045128
192,27,18,927.59,1,14.774076,-9.9937315
193,73,1,1370.25,0,-4.5505543,-11.055776
194,17,1,946.53,2,-15.335629,5.920968
195,10,1,1474.41,2,-6.476831,18.773806
196,16,3,1661.03,2,-2.4971917,16.216871
197,0,9,1465.18,2,0.09178733,29.473671
198,17,3,1813.45,2,-0.9366043,16.186287
199,5,7,772.54,2,-22.06605,15.476259
200,4,1,172.82,2,-39.183254,3.5950143
201,14,4,552.37,2,-22.302397,8.193934
202,12,8,946.28,2,-17.978716,14.112177
203,26,2,651.99,2,-15.387847,0.621422
204,6,9,857.79,2,-20.405361,16.224682
205,7,4,1016.55,2,-14.27043,24.455526
206,5,6,1766.44,2,-1.7234766,26.449858
207,25,3,908.53,2,-9.273951,2.8001816
208,28,2,403.75,2,-28.664684,-13.983468
209,25,4,1270.75,2,-2.9805484,3.8667943
210,13,3,1157.92,2,-9.4933195,14.31342
211,13,1,497.09,2,-24.179869,6.1121626
212,2,1,216.78,2,-39.35549,4.6722436
213,23,16,1454.58,1,17.084446,-1.8339326
214,2,17,1027.58,1,22.200005,-27.273655
215,24,12,722.09,2,7.6226234,-8.969834
216,15,7,282.19,2,-19.141651,-10.252155
217,11,4,106.96,2,-33.09801,0.31706497
218,18,1,999.75,2,-14.309788,6.0038466
219,24,14,1139.33,1,12.581325,-4.455964
220,24,5,836.72,2,-11.135265,1.2599592
221,3,2,1678.54,2,-6.1772723,30.474466
222,3,17,1337.34,1,20.666674,-27.50414
223,1,4,1335.77,2,-8.970013,27.155733
224,11,2,810.2,2,-16.600277,20.098753
225,29,11,943.9,2,7.046574,-5.442616
226,51,12,5135.77,0,11.796026,14.109378
227,6,9,984.12,2,-20.103834,16.69515
228,6,5,1413.55,2,-7.020406,26.376867
229,1,6,381.95,2,-32.74295,8.002161
230,6,14,788.22,1,15.650196,-26.306654
231,29,1,80.8,2,-31.88959,-14.96629
232,21,1,611.13,2,-17.825644,2.0750535
233,24,4,1766.35,2,0.57488704,8.981299
234,0,2,1516.76,2,-8.433747,29.3818
235,9,6,1925.2,2,1.1359203,22.128664
236,17,1,344.23,2,-30.784697,-5.7959924
237,49,1,204.1,0,-7.390275,-8.092904
238,5,2,1257.59,2,-11.548169,25.782507
239,7,3,1095.09,2,-13.517621,24.122635
240,2,1,123.76,2,-39.99661,4.083976
241,3,2,696.82,2,-28.147812,14.57814
242,26,2,1487.35,2,-2.6547496,7.1128345
243,19,3,1278.43,2,-9.727043,9.919626
244,28,14,627.97,1,9.481554,-10.480204
245,12,1,95.0,2,-35.47121,-2.3509283
246,14,4,1827.01,2,-0.18532033,18.193336
247,10,6,754.05,2,-21.189209,12.717502
248,19,2,922.93,2,-14.549855,5.3175573
249,12,12,257.4,2,8.12956,-24.546368
250,1,14,676.34,1,14.800861,-27.763424
251,3,19,984.32,1,22.922056,-26.023565
252,27,32,1914.06,1,27.966349,-11.0763
253,13,4,1953.81,2,-3.8774095e-05,19.170177
254,1,4,768.02,2,-26.314333,15.5896845
255,61,13,1379.86,0,-2.4970808,-10.252404
256,42,1,1054.24,0,-6.2276073,-6.171307
257,21,11,298.34,2,-14.900948,-14.067645
258,17,5,841.04,2,-14.980228,9.886269
259,8,9,1757.87,1,1.2491481,25.716396
260,22,11,1010.7,2,8.899745,-6.1767178
261,13,6,948.83,2,-17.5596,12.8383045
262,12,24,852.95,1,25.635155,-18.194086
263,7,7,1532.72,2,-3.8387382,25.925669
264,11,6,1891.29,2,1.6213715,20.650846
265,10,21,1900.33,1,31.244827,-0.73754627
266,16,13,598.84,2,10.500978,-19.895401
267,8,21,1622.91,1,31.035666,-2.5097399
268,21,7,536.53,2,-16.991465,-5.536236
269,66,6,180.51,0,-5.8462176,-10.162359
270,18,8,1751.33,2,5.1514916,14.016814
271,26,1,1146.43,2,-6.0311084,4.820856
272,24,6,654.8,2,-16.823038,-3.9630752
273,4,3,1599.58,2,-6.6314087,29.709648
274,14,16,1317.4,1,21.860407,-0.46838772
275,16,18,1665.03,1,23.896828,0.82756597
276,11,17,440.21,1,15.86704,-20.685196
277,16,3,1689.94,2,-2.0864897,16.390242
278,3,12,1163.78,1,25.72971,15.276325
279,11,6,664.23,2,-21.640978,11.986441
280,10,4,1658.4,2,-3.1329803,19.522158
281,3,8,1293.56,2,-5.9611382,24.500488
282,59,14,912.94,0,-2.3676105,-10.420607
283,25,2,1265.24,2,-5.0999823,5.4212255
284,20,6,1169.96,2,-11.795459,10.84069
285,25,3,735.19,2,-14.173971,1.1191785
286,5,6,1749.68,2,-1.9815831,26.636934
287,17,15,483.51,1,13.407326,-19.17745
288,23,22,1436.67,1,23.481766,-7.3081684
289,16,2,1439.93,2,-4.9769454,15.396999
290,16,1,252.12,2,-32.02487,-5.299171
291,7,14,848.68,1,15.7095,-25.836233
292,30,9,252.98,2,-16.15599,-18.575518
293,5,2,464.9,2,-29.649946,11.649573
294,3,2,50.14,2,-40.693474,3.6255748
295,5,5,1381.21,2,-7.549158,26.227364
296,23,1,1606.04,2,-2.5066786,9.268947
297,8,11,309.45,2,8.683733,-26.440985
298,69,15,1441.57,0,-2.3704133,-11.205121
299,12,8,434.36,2,-16.759129,-9.376211
300,61,6,1893.97,0,-2.7791908,-8.781982
301,16,18,1391.11,1,22.068586,-1.6734692
302,12,24,1292.14,1,30.259062,-6.976206
303,3,6,312.33,2,-32.89393,7.0888157
304,17,24,845.68,1,23.451824,-15.113815
305,16,6,1993.47,2,2.3460484,18.305058
306,22,2,1414.29,2,-3.915401,8.604189
307,2,11,472.46,2,10.869426,-27.824219
308,10,1,1255.44,2,-12.124478,22.368439
309,7,12,1256.98,1,25.101843,13.949098
310,15,9,904.91,2,-16.167454,13.587008
311,8,9,237.52,2,7.6360507,-26.95425
312,7,11,1143.16,2,24.514809,14.56917
313,20,7,805.15,2,-15.030131,-5.0637894
314,15,4,1259.42,2,-9.925337,12.961488
315,11,7,247.64,2,-21.467749,-8.770402
316,3,1,1391.51,2,-9.729897,28.978497
317,12,18,866.59,1,19.48145,-22.015059
318,71,23,1127.95,0,-1.5469555,-11.772265
319,25,9,1535.08,2,6.72545,5.6270614
320,20,13,911.15,1,10.211927,-7.2766047
321,20,5,1001.84,2,-12.453638,9.487836
322,10,1,91.93,2,-36.62867,-0.85738975
323,15,7,1172.57,2,-12.926499,13.293518
324,9,18,1882.22,1,29.674852,2.5445654
325,1,19,528.68,1,26.074638,-25.598215
326,21,11,1943.65,1,9.510365,8.875784
327,28,7,570.73,2,-17.563684,-19.095186
328,5,6,909.57,2,-22.33915,16.246717
329,12,8,1406.95,2,19.542915,14.702039
330,10,11,1060.91,2,23.245184,14.39995
331,4,1,90.67,2,-39.819843,3.1437798
332,17,15,1757.5,1,20.43515,5.4617763
333,65,11,1082.01,0,-3.198694,-10.532796
334,1,6,1665.49,2,-2.5802584,28.165537
335,20,17,553.53,1,15.370111,-14.999517
336,24,18,1568.74,1,17.476223,-0.20891996
337,24,4,993.88,2,-8.495716,3.2786984
338,9,17,511.39,1,16.398602,-21.34912
339,12,23,7149.96,1,13.080125,15.117186
340,11,16,1994.53,1,27.38983,4.540097
341,6,13,399.26,2,10.299456,-26.391699
342,20,7,211.93,2,-18.889952,-13.32171
343,16,2,1466.19,2,-4.6153183,15.39569
344,29,2,1185.26,2,-5.071396,3.8465848
345,22,16,1400.35,1,17.496708,-2.2137215
346,11,1,433.0,2,-25.687117,6.811878
347,10,4,238.6,2,-32.66078,1.1353002
348,22,3,1393.92,2,-4.3016033,8.350866
349,7,3,720.16,2,-26.18206,12.973333
350,26,16,1810.43,1,16.362375,2.5382223
351,24,6,230.28,2,-19.332159,-16.379288
352,4,4,772.84,2,-25.671404,14.895293
353,26,1,339.03,2,-29.681395,-12.848672
354,5,19,1118.51,1,21.505016,-25.614676
355,1,6,328.31,2,-33.209747,7.7481647
356,21,17,1385.52,1,18.394154,-2.1854014
357,47,5,169.25,0,-7.197829,-8.246112
358,8,18,1177.91,1,20.38185,-24.822882
359,26,12,879.69,2,7.9308825,-7.368435
360,11,3,446.58,2,-24.573109,7.79133
361,16,1,1437.14,2,-4.884517,14.822223
362,13,21,695.48,1,22.80109,-18.433306
363,27,16,1715.16,1,15.881491,1.6980362
364,19,1,1048.5,2,-13.447864,5.946271
365,2,17,1545.94,1,32.561222,2.6396825
366,22,1,656.28,2,-17.06034,1.8254354
367,15,11,620.08,2,9.173059,-20.465162
368,16,12,1111.76,1,21.517065,12.42415
369,26,5,1440.3,2,-0.8658705,5.18258
370,30,11,173.89,2,-15.284095,-18.747238
371,29,9,365.41,2,-15.924629,-18.00516
372,29,19,1495.14,1,19.804651,-5.8318233
373,7,24,1456.31,1,32.574883,-4.9516063
374,13,13,1327.45,1,22.464985,11.049539
375,24,1,1445.07,2,-3.3252454,7.9254394
376,20,2,67.47,2,-32.453,-8.254819
377,15,14,759.95,1,11.634291,-20.01795
378,8,11,268.31,2,8.462192,-26.253117
379,44,11,887.47,0,7.6219745,-1.3858547
380,8,22,1970.75,1,32.08466,-1.0021726
381,26,2,335.05,2,-29.185698,-13.078045
382,13,19,419.22,1,17.128239,-19.75277
383,7,12,494.74,2,10.046759,-25.974146
384,10,11,1535.51,1,24.793627,11.1537895
385,9,1,571.11,2,-26.181675,8.788998
386,12,1,1491.21,2,-5.6986012,18.009579
387,12,3,1385.53,2,-6.8111835,16.90033
388,1,11,1030.93,2,25.762579,16.396544
389,4,4,978.71,2,-14.840589,25.012266
390,15,1,516.33,2,-21.07688,4.469127
391,6,24,543.75,1,26.51655,-21.777905
392,5,4,356.23,2,-33.09611,9.243123
393,10,18,1789.67,1,29.085325,2.24972
394,24,16,1978.79,1,17.162918,3.595379
395,16,5,434.48,2,-19.21963,-7.5146685
396,22,23,1458.64,1,24.185165,-7.460466
397,15,1,854.1,2,-16.754345,6.224374
398,18,13,1879.27,1,20.52931,6.378671
399,8,24,1901.09,1,32.88288,-2.1156943
400,39,2,1521.44,0,-4.1435466,-3.7664583
401,14,13,1956.9,1,22.489063,6.2693954
402,12,14,690.06,1,11.990269,-21.110514
403,1,18,1157.17,1,21.713116,-26.900026
404,17,6,600.46,2,-16.873606,-6.7885933
405,1,21,1108.49,1,23.045912,-24.819431
406,25,23,512.01,1,21.048065,-13.522605
407,25,11,1510.08,1,7.9335804,5.0248356
408,27,21,1255.12,1,20.685966,-7.9336824
409,3,5,1676.56,2,-3.5248623,27.939896
410,1,17,1974.68,1,31.423569,5.1033897
411,28,4,418.22,2,-27.19253,-14.173642
412,1,19,1577.28,1,33.286625,1.7027915
413,5,24,1416.82,1,33.24363,-4.9010997
414,23,9,1300.04,2,2.573923,1.4568346
415,12,23,1206.86,1,29.710945,-7.4865265
416,11,16,1699.1,1,27.756165,3.0719213
417,10,19,1031.1,1,20.273478,-23.251043
418,8,9,414.99,2,7.961681,-27.36907
419,58,8,1262.55,0,-3.44963,-9.555999
420,18,4,1254.34,2,-10.317218,10.76754
421,7,1,1103.45,2,-14.236062,22.683376
422,8,14,1802.11,1,28.307049,7.962213
423,0,2,387.24,2,-38.069595,6.6690087
424,19,22,1204.62,1,24.482311,-8.911292
425,27,19,1058.39,1,18.505548,-8.708492
426,22,1,696.37,2,-16.69987,2.1491487
427,12,7,1055.71,2,-17.470222,13.73681
428,2,14,1649.81,1,28.14302,9.145365
429,27,19,1293.73,1,19.432472,-7.088953
430,20,16,1517.39,1,18.825584,-1.251219
431,28,3,1497.35,2,-2.0681975,6.2431593
432,4,9,399.02,2,8.937634,-28.189436
433,6,1,1598.45,2,-7.8305674,31.238474
434,0,18,1300.99,1,21.296951,-27.6274
435,18,15,1008.74,1,13.679634,-6.660458
436,13,8,1819.96,2,3.89622,19.386244
437,21,18,630.47,1,15.748413,-14.36027
438,6,5,1478.86,2,-6.325043,26.594427
439,16,21,1562.08,1,26.878033,-5.345849
440,29,9,1171.59,2,4.008384,-0.83298707
441,8,21,1642.86,1,31.07396,-2.1838777
442,11,19,1373.12,1,27.74793,-1.7568614
443,8,5,180.07,2,-32.69726,2.9195254
444,2,18,996.17,1,22.674051,-26.684452
445,7,1,45.23,2,-39.159447,1.1156267
446,29,11,1049.44,2,7.2438507,-4.616226
447,16,8,220.03,2,-18.588259,-11.276567
448,19,7,393.14,2,-17.705927,-11.734541
449,14,17,1963.58,1,26.612453,3.9504268
450,9,6,147.12,2,-31.621525,2.9666498
451,6,7,1279.7,2,-7.0671606,24.56846
452,24,1,633.17,2,-16.511362,1.1460508
453,12,1,1562.66,2,-5.205661,18.222824
454,14,21,1354.59,1,28.301989,-5.5993495
455,8,1,911.62,2,-16.180527,21.95353
456,25,4,1725.82,2,0.4320968,8.285352
457,4,4,573.16,2,-27.335756,12.401535
458,14,13,1331.53,1,22.066984,10.786645
459,13,14,1688.13,1,24.497995,7.648943
460,13,4,180.0,2,-32.896038,-0.9426121
461,4,22,636.38,1,25.71265,-22.744923
462,10,8,830.24,2,-19.479855,14.888258
463,20,22,641.43,1,21.42724,-15.220294
464,4,1,790.84,2,-28.80857,15.660052
465,17,22,686.0,1,22.265766,-16.216566
466,29,18,839.53,1,14.973067,-10.443298
467,7,22,1862.15,1,32.4112,-1.3866246
468,4,2,1645.01,2,-6.759417,30.618895
469,26,13,678.39,2,8.656883,-9.676564
470,1,15,1287.7,1,20.065842,-28.419184
471,24,12,1138.13,1,9.940087,-5.010712
472,25,21,1081.9,1,20.551617,-9.347411
473,1,11,432.32,2,10.786365,-28.083254
474,18,13,437.33,2,9.730395,-18.734512
475,24,23,852.05,1,21.876226,-12.374985
476,18,5,1686.86,2,1.5523959,14.175838
477,39,15,1420.24,1,9.246423,-0.5253026
478,27,11,869.55,2,6.983158,-6.8969784
479,25,8,1919.58,2,6.4796877,9.107232
480,12,22,1451.94,1,29.46399,-5.138455
481,2,1,1824.64,2,-5.4403205,32.22419
482,7,11,1877.28,1,29.655764,10.556387
483,6,24,1717.3,1,33.277824,-3.0261264
484,17,16,6148.05,1,12.716827,14.953143
485,13,2,111.17,2,-34.32447,-2.8808777
486,21,1,621.61,2,-17.606474,2.3665469
487,16,1,1663.79,2,-2.9939055,15.0785265
488,7,7,1247.65,2,-7.3593335,24.236702
489,5,1,198.72,2,-38.66676,2.9756594
490,8,1,927.95,2,-16.014164,22.259853
491,33,1,117.62,2,-31.175692,-15.846731
492,6,13,1674.32,1,27.613443,9.809678
493,1,21,734.98,1,25.415367,-24.345438
494,5,11,1387.5,1,26.16234,13.341401
495,8,18,488.5,1,17.099586,-21.31288
496,7,6,92.63,2,-32.790775,3.9604816
497,6,7,1808.21,2,-0.75007,26.16378
498,19,21,910.94,1,20.051096,-15.167305
499,14,6,1564.15,2,2.7515955,15.851857
500,25,14,1894.13,1,16.191793,4.238966
501,10,12,751.38,2,10.888909,-22.205532
502,4,11,1813.51,1,29.511187,11.318688
503,4,6,1367.15,2,-6.937268,25.616747
504,15,5,1264.09,2,-10.728802,12.947313
505,7,1,685.55,2,-29.48043,13.835559
506,4,4,1296.34,2,-9.344183,26.109182
507,14,7,1300.12,2,-12.003306,13.954666
508,38,15,1728.68,1,9.720839,-0.16156213
509,11,1,487.28,2,-25.41365,7.1834497
510,4,12,1313.31,1,26.039597,14.140884
511,25,17,1694.35,1,16.850597,1.1522845
512,5,2,1931.97,2,-4.571584,32.007603
513,27,22,1372.36,1,21.560936,-7.650848
514,26,18,1731.94,1,17.271687,1.3681725
515,19,1,1496.83,2,-3.906719,13.417642
516,22,15,1798.79,1,17.88885,4.441908
517,11,6,803.94,2,-20.53939,12.723278
518,24,11,1505.96,1,8.203295,5.0517545
519,17,1,120.52,2,-33.00453,-5.8912177
520,18,7,936.77,2,-14.519936,11.662041
521,23,7,1824.41,2,5.6856356,10.00052
522,17,5,177.08,2,-21.156199,-11.604226
523,1,19,867.99,1,23.962067,-25.94051
524,21,17,756.88,1,15.308526,-14.165998
525,13,4,6433.81,1,12.579109,15.01693
526,38,2,1947.54,0,-3.7177327,-3.4048047
527,19,5,549.35,2,-18.420132,-6.0555997
528,26,8,1680.69,2,5.839363,7.229808
529,30,12,555.2,2,8.359425,-11.014041
530,7,6,334.12,2,-31.688356,5.15315
531,17,19,925.89,1,19.130821,-16.29523
532,27,6,249.2,2,-18.608444,-17.403513
533,12,14,666.3,1,12.160671,-21.238134
534,27,17,1955.27,1,16.74655,2.850704
535,8,11,363.62,2,8.950781,-26.258806
536,4,8,1728.0,2,-0.54489625,27.420298
537,20,9,197.43,2,-16.719513,-13.692648
538,28,24,973.93,1,21.773745,-11.11267
539,27,12,1051.75,1,8.386884,-5.104231
540,12,19,1315.32,1,27.469124,-2.1947515
541,4,13,1628.32,1,27.695948,10.187357
542,13,12,1452.1,1,22.747484,10.3803835
543,16,21,1591.59,1,26.76883,-5.229371
544,10,1,487.24,2,-25.872084,7.6636143
545,36,18,839.52,1,15.748912,-10.003644
546,8,11,1729.52,1,28.602282,11.18107
547,13,3,1679.0,2,-2.8541975,17.910364
548,2,18,780.88,1,24.335564,-26.46761
549,9,5,498.99,2,-23.679333,10.966655
550,26,11,1932.64,1,8.484797,8.2234125
551,27,1,98.39,2,-32.015102,-13.617422
552,5,6,239.36,2,-32.70847,5.752868
553,23,13,866.19,1,9.230471,-7.8772464
554,27,4,1469.94,2,-1.3230939,5.876998
555,26,7,1273.07,2,0.6691011,1.8834336
556,24,19,1617.51,1,17.824251,0.23373425
557,24,9,334.68,2,-16.00773,-16.01259
558,7,12,1288.1,1,25.217115,13.666248
559,42,2,1784.51,0,-3.8564062,-3.6903558
560,16,7,1234.33,2,-12.268893,13.179256
561,21,21,1730.02,1,24.700193,-4.974338
562,13,3,1512.12,2,-5.0544667,17.01301
563,9,4,93.0,2,-33.43116,1.5727298
564,26,3,1767.68,2,-0.1298649,8.359677
565,24,11,1640.19,1,8.40383,6.1469426
566,5,6,750.26,2,-23.062252,15.291935
567,6,12,299.66,2,9.566419,-26.735695
568,19,14,1735.09,1,19.722189,6.115144
569,26,11,1628.49,1,8.27117,5.8024883
570,20,4,1155.02,2,-10.9384985,9.421262
571,22,8,1923.31,2,6.7356563,10.177742
572,2,18,391.1,1,26.385551,-26.207447
573,13,14,411.61,1,13.328211,-21.44303
574,21,4,1631.06,2,0.5869449,12.132684
575,21,18,1359.47,1,18.996794,-2.635143
576,26,3,1083.38,2,-6.6449347,3.3158848
577,23,16,1320.69,1,16.883299,-2.8042977
578,13,21,564.33,1,22.060574,-18.374086
579,13,3,1936.93,2,-0.83388096,18.780046
580,12,21,766.06,1,23.426088,-18.779728
581,23,8,1090.77,2,1.8907046,0.2282012
582,25,9,1932.46,1,7.31346,8.912915
583,27,11,747.42,2,7.165893,-7.9436297
584,14,12,377.47,2,8.12292,-23.402681
585,13,6,141.28,2,-21.249048,-9.8762045
586,8,22,547.14,1,25.108843,-21.271013
587,23,3,344.95,2,-28.474768,-10.126017
588,17,7,999.24,2,-14.264544,12.074461
589,13,12,745.11,2,10.457431,-21.135675
590,28,23,751.19,1,21.034332,-12.040151
591,8,1,954.72,2,-15.347198,22.150398
592,26,3,1066.27,2,-7.084287,3.411313
593,17,2,489.08,2,-20.886345,3.4258795
594,3,15,885.49,1,16.705706,-27.043335
595,39,14,1454.39,1,9.130654,-0.5361703
596,13,8,519.83,2,-16.396461,-9.175613
597,18,21,473.87,1,21.203634,-16.593008
598,10,21,1465.95,1,29.892298,-3.7842915
599,4,6,301.49,2,-32.660137,6.5884376
600,20,16,951.76,1,13.678171,-7.175671
601,16,15,1282.64,1,21.171799,-0.1199066
602,14,6,347.42,2,-19.425993,-9.310174
603,1,5,164.98,2,-34.452,7.044142
604,20,7,99.67,2,-19.452248,-13.560811
605,7,5,1909.29,2,-0.5426537,24.184952
606,1,11,981.2,2,25.762295,16.59768
607,16,14,1473.62,1,22.0263,8.856573
608,18,1,72.31,2,-33.426258,-6.938386
609,20,23,1128.24,1,24.42472,-9.575812
610,2,9,1444.39,2,-0.0758431,29.41868
611,1,1,128.0,2,-40.235477,4.61217
612,59,1,1767.93,0,-3.3561547,-8.0569
613,18,1,531.73,2,-19.74954,3.2574933
614,27,1,85.63,2,-32.42845,-13.669027
615,2,2,698.67,2,-27.765457,14.945742
616,3,3,690.64,2,-27.087427,14.42318
617,29,1,249.85,2,-30.480186,-14.839469
618,9,3,563.28,2,-25.131634,10.265152
619,19,5,1191.27,2,-11.226181,10.613554
620,21,22,1400.81,1,24.514355,-7.512024
621,6,2,1749.21,2,-6.469887,31.834599
622,23,11,471.6,2,5.4848104,-11.014805
623,27,19,1325.11,1,19.513496,-6.760126
624,12,13,778.11,1,11.164507,-21.317867
625,8,6,216.09,2,-31.881632,3.923476
626,84,2,276.26,0,-5.684699,-11.883669
627,19,2,1657.46,2,-2.3999386,13.882985
628,26,2,1483.83,2,-2.8551304,6.9480486
629,21,5,554.38,2,-18.094553,-5.2238154
630,15,13,1457.71,1,22.202137,9.710925
631,7,15,1537.57,1,26.99624,8.357203
632,3,21,627.72,1,25.866692,-23.741299
633,1,3,1920.02,2,-3.9222069,30.78659
634,7,9,739.45,2,-20.457504,15.712643
635,19,23,639.21,1,22.170048,-15.244117
636,2,22,1321.41,1,34.984257,-4.6072874
637,19,14,1214.69,1,14.040042,-5.3270617
638,5,2,1576.96,2,-7.4823627,30.527637
639,2,6,1726.92,2,-2.2910626,27.884176
640,9,2,418.18,2,-26.668652,7.36848
641,93,1,878.92,0,-5.272653,-12.421165
642,24,11,1829.07,1,8.820783,7.5934367
643,9,19,919.33,1,20.334984,-22.893656
644,28,14,950.21,1,11.436322,-8.848833
645,22,3,773.16,2,-13.988671,2.2105503
646,29,1,314.52,2,-29.80026,-14.502763
647,4,2,1708.36,2,-6.2586265,31.104792
648,3,5,129.92,2,-34.2223,6.222595
649,11,2,1427.69,2,-6.5807266,17.95069
650,22,13,1128.25,1,11.649283,-5.1002603
651,29,2,1198.38,2,-4.9380393,4.1052313
652,9,24,880.79,1,26.046003,-18.962833
653,21,2,1152.14,2,-11.286629,6.40811
654,103,6,320.79,0,-5.1563306,-13.128957
655,26,18,568.95,1,15.21599,-12.593118
656,13,15,553.58,1,13.445095,-20.63167
657,10,1,103.32,2,-36.65113,-0.32721078
658,8,5,62.11,2,-32.470734,2.3321943
659,29,14,1572.41,1,13.476869,0.06776732
660,15,4,946.16,2,-15.225863,8.974155
661,16,7,1189.99,2,-12.633139,12.840694
662,17,1,1856.61,2,-1.4705869,15.225424
663,9,9,802.56,2,-19.728916,15.589892
664,7,11,1399.32,1,25.682144,12.870695
665,3,12,853.18,2,14.332258,-26.60014
666,16,18,1346.3,1,21.772522,-1.7968154
667,12,8,1899.43,2,3.5608654,20.027193
668,8,19,1829.73,1,30.444204,1.2896316
669,14,6,1995.32,2,2.1492028,19.264423
670,121,19,1343.96,0,-4.0669084,-13.601822
671,6,24,579.0,1,26.259407,-21.566923
672,9,17,1535.08,1,28.172815,1.3559701
673,10,22,1035.15,1,26.244495,-17.291311
674,5,6,1990.33,2,-1.1187097,25.101215
675,16,12,1998.24,1,21.772568,6.38189
676,26,4,1904.23,2,1.4004138,8.565891
677,20,4,1844.99,2,0.40063572,14.909441
678,16,18,835.03,1,18.739098,-17.132303
679,5,11,1960.2,1,30.22084,10.846413
680,2,4,480.5,2,-31.668346,10.0809965
681,16,5,1041.53,2,-13.740576,10.369637
682,16,7,233.22,2,-19.340822,-11.094332
683,21,16,1906.48,1,18.34063,4.0261407
684,29,11,572.41,2,7.9046893,-10.900217
685,8,18,1634.84,1,29.275242,1.3000882
686,15,2,120.92,2,-33.371407,-4.10431
687,8,2,312.85,2,-36.440147,2.2372544
688,21,1,1097.34,2,-12.117146,5.903193
689,14,7,583.65,2,-16.295345,-8.20174
690,13,7,1361.69,2,-11.694139,14.524645
691,28,21,1168.85,1,20.20657,-8.605796
692,4,3,1840.56,2,-4.607635,31.14203
693,16,5,1254.12,2,-10.845759,12.306265
694,19,24,1088.95,1,24.69113,-10.057369
695,11,2,1940.85,2,-1.3943566,19.52781
696,3,18,1187.4,1,21.326525,-26.541887
697,9,2,1725.07,2,-3.549698,20.457623
698,27,7,1717.7,2,4.744407,7.6861176
699,12,4,1290.95,2,-8.908255,15.100669
700,16,3,1075.38,2,-14.025232,8.149456
701,54,8,1352.2,0,-3.5995955,-9.127278
702,5,13,1553.19,1,27.072912,10.491179
703,24,12,1971.23,1,9.758285,8.068812
704,27,6,226.25,2,-19.039078,-17.506943
705,13,5,1779.41,2,0.756373,18.73575
706,8,11,1934.78,1,29.979837,10.165178
707,30,2,377.73,2,-28.914099,-14.803511
708,7,23,959.73,1,25.958546,-19.514158
709,18,5,406.12,2,-19.362917,-7.094693
710,18,1,807.35,2,-16.607426,4.8484974
711,0,21,814.76,1,24.92622,-24.58906
712,7,3,1199.35,2,-12.397705,24.66619
713,19,1,593.31,2,-18.721163,2.951806
714,12,2,726.51,2,-20.443819,8.117516
715,14,22,980.27,1,25.335672,-16.333458
716,7,19,722.57,1,21.625984,-22.372993
717,15,7,207.07,2,-19.7404,-10.561729
718,8,5,334.09,2,-31.250778,4.519062
719,11,3,1472.33,2,-6.2054653,17.44317
720,14,5,1670.74,2,0.6057595,17.53124
721,58,21,1902.07,0,-1.0439885,-10.921996
722,17,22,1949.76,1,25.612696,-3.7305377
723,3,22,490.72,1,26.455513,-23.04037
724,9,3,145.14,2,-34.494286,1.0013889
725,5,1,90.41,2,-39.50552,2.327662
726,10,4,118.43,2,-33.30567,0.9996073
727,5,2,527.92,2,-29.090862,12.189615
728,23,11,1887.65,1,9.087935,8.279911
729,27,16,1344.29,1,15.1996565,-2.793254
730,24,2,1665.91,2,-1.5819482,8.838328
731,10,19,439.31,1,17.328579,-20.548979
732,4,2,812.47,2,-28.10986,15.840885
733,16,6,1251.32,2,-11.649116,12.749793
734,21,22,1497.22,1,24.550459,-6.829982
735,25,14,1328.08,1,13.315728,-2.5764358
736,7,1,285.05,2,-37.571346,2.339384
737,27,9,270.18,2,-16.51611,-17.370176
738,52,7,649.58,0,-5.648764,-8.723483
739,18,1,73.1,2,-33.176785,-6.8717103
740,23,6,271.1,2,-19.114088,-15.647484
741,28,7,309.92,2,-17.737518,-17.783104
742,27,4,1582.05,2,-0.50418293,6.861295
743,5,17,1661.15,1,31.216295,2.7738686
744,24,6,327.09,2,-18.831985,-16.235876
745,15,6,214.7,2,-20.371883,-10.352696
746,14,4,573.03,2,-22.231068,8.315755
747,15,9,423.98,2,-16.34545,-10.486591
748,22,3,895.91,2,-12.878891,2.9219005
749,28,5,1651.61,2,0.6350595,6.9250655
750,20,2,161.6,2,-31.560137,-8.197912
751,10,2,666.05,2,-24.984388,9.431683
752,12,4,596.93,2,-22.59053,9.343565
753,27,18,1919.11,1,17.210394,2.3071532
754,22,18,1348.37,1,18.519913,-2.8877268
755,11,16,1746.07,1,27.88661,3.4798768
756,6,24,685.08,1,26.294514,-20.987362
757,28,6,1272.97,2,-0.4420175,2.5796082
758,3,19,1527.41,1,32.759693,1.5602225
759,17,5,1968.29,2,1.6357208,17.389317
760,21,24,1269.7,1,25.11966,-8.92585
761,27,14,755.85,1,10.057696,-9.736832
762,6,21,1471.02,1,31.651203,-3.4185476
763,28,26,1167.93,1,23.040152,-10.735791
764,20,1,343.18,2,-30.277573,-8.055462
765,26,11,1051.25,2,7.778695,-5.327964
766,20,18,1190.9,1,19.091074,-3.4708037
767,24,6,564.02,2,-17.243408,-4.307162
768,5,28,1090.56,1,33.36528,-7.8700457
769,8,22,1687.67,1,31.788193,-2.401302
770,17,21,1968.93,1,25.552757,-3.614826
771,28,18,436.54,1,14.9867115,-12.39235
772,28,5,1681.4,2,1.007456,7.197088
773,20,1,28.43,2,-33.21377,-8.159748
774,4,20,837.3,1,24.303522,-24.859295
775,7,17,803.21,1,18.562511,-23.972162
776,4,1,49.7,2,-40.2915,2.9019825
777,1,11,612.05,2,11.776931,-28.00003
778,14,20,1121.53,1,26.18302,-14.910278
779,16,6,173.27,2,-20.485638,-11.08815
780,12,23,954.11,1,25.553526,-17.451616
781,3,26,701.23,1,27.521454,-21.452911
782,25,10,995.61,2,6.2595587,-5.4327364
783,15,4,1576.22,2,-3.2087147,16.7292
784,5,5,1559.12,2,-5.325506,27.103048
785,8,1,161.15,2,-37.870186,0.82996094
786,11,2,225.69,2,-35.114708,-0.67385626
787,2,2,1776.01,2,-5.401465,31.05316
788,24,10,1599.47,1,7.5552106,5.9950175
789,21,3,304.23,2,-28.551023,-9.066076
790,6,15,1856.11,1,29.066807,7.1764007
792,24,10,734.29,2,6.157457,-8.137946
793,53,6,1437.02,0,-3.832932,-8.695653
794,25,8,879.55,2,4.4220643,-4.3887386
795,69,21,677.5,0,-1.7021424,-11.921914
796,8,24,1830.94,1,32.872776,-2.4176092
797,2,6,521.58,2,-31.845804,8.530878
798,18,22,598.34,1,21.71327,-15.970852
799,29,9,245.96,2,-16.462212,-18.159334
800,4,20,1127.64,1,22.191702,-25.417364
801,25,15,1176.69,1,13.6384325,-3.8720376
802,13,23,1312.58,1,29.474924,-6.6897583
803,6,25,547.58,1,26.939133,-21.260256
804,4,4,714.95,2,-26.017107,14.406811
805,1,22,1617.22,1,34.55532,-1.6381656
806,22,8,1893.54,2,6.508619,10.184948
807,27,29,1290.45,1,26.343836,-11.13048
808,23,13,1434.73,1,12.775724,-1.4959805
809,3,5,200.52,2,-33.871082,6.5938206
810,8,17,1042.82,1,19.788961,-24.492828
811,21,7,1542.58,2,3.4224565,12.30888
812,7,1,171.09,2,-38.284863,1.6897248
813,16,1,49.61,2,-33.89044,-5.48796
814,3,3,443.42,2,-31.212313,10.765399
815,15,8,410.27,2,-17.158058,-10.172017
816,18,1,338.22,2,-30.586353,-6.4545035
817,26,9,389.47,2,-15.932064,-16.936626
818,19,9,1627.36,2,5.5257807,13.038182
820,2,15,617.82,1,15.305929,-27.873512
821,27,17,921.0,1,14.16771,-9.90582
822,10,13,602.29,2,11.717505,-22.411634
823,5,7,132.27,2,-33.10582,5.0582485
824,15,19,704.16,1,19.464712,-17.85079
825,26,17,1336.09,1,16.134426,-3.1994886
826,24,9,199.27,2,-16.628363,-15.937895
827,28,9,1438.39,2,5.9418416,4.335736
828,20,26,773.5,1,23.044245,-13.91149
829,20,3,251.94,2,-29.024715,-8.36532
830,15,10,1337.51,2,20.396828,12.37822
831,18,11,301.09,2,-14.781513,-13.204099
832,22,14,714.36,1,9.368577,-8.916471
833,10,2,1513.69,2,-5.9512196,18.712446
834,14,16,393.81,1,14.741895,-20.107397
835,25,10,904.58,2,6.2107034,-6.3025513
836,21,1,358.62,2,-30.252838,-9.110346
837,18,13,1696.64,1,20.088634,7.0987167
838,20,3,465.7,2,-26.81899,-8.448235
839,10,5,631.59,2,-22.669228,11.320541
840,29,15,1283.59,1,14.245484,-2.6006205
841,11,9,1335.59,2,20.22507,14.4242935
842,27,23,990.49,1,21.33451,-10.788703
843,21,17,1256.47,1,18.142424,-3.221616
844,1,19,1728.84,1,33.541916,1.2289594
845,8,4,617.83,2,-24.655611,11.569639
846,10,9,1380.94,2,20.307999,14.617892
847,4,3,1783.68,2,-5.0678706,30.656727
848,4,1,23.24,2,-40.642,2.593083
849,19,9,587.24,2,-14.66579,-10.679545
850,11,13,1574.3,1,24.695238,9.529008
851,19,1,1898.46,2,-1.1706678,14.780939
852,8,1,953.18,2,-15.536679,22.359932
853,23,2,351.39,2,-29.232744,-10.538848
854,6,7,652.8,2,-22.308369,14.819767
855,26,2,1270.24,2,-4.706803,5.0511575
856,19,6,207.82,2,-20.051394,-12.678775
857,23,1,68.31,2,-32.518642,-10.949238
858,20,7,1525.26,2,3.3562694,12.766763
859,13,12,1992.17,1,22.79753,6.424942
860,18,15,1956.9,1,19.775454,5.0665927
861,15,3,1945.2,2,-0.666109,17.601103
862,2,8,1893.18,2,0.15721066,27.257029
863,22,27,1554.73,1,26.962803,-10.111283
864,11,18,1424.69,1,27.508554,-0.7411099
865,5,2,248.11,2,-37.95696,3.8382845
866,1,5,275.93,2,-33.936687,7.6158514
867,9,13,1611.27,1,26.011856,9.639634
868,10,1,93.72,2,-37.061176,-0.5895411
869,18,10,1530.48,1,19.105717,10.192123
870,27,13,1509.41,1,12.873129,-0.3539501
871,9,24,1281.48,1,31.239752,-6.645057
872,26,3,539.2,2,-27.044323,-13.113624
873,29,2,1399.1,2,-3.3528585,5.6904635
874,25,29,1733.38,1,27.529621,-10.793352
875,27,14,653.55,1,9.482993,-10.141892
876,43,2,706.12,0,-6.5410614,-6.6885605
877,24,29,1489.27,1,26.958344,-10.8345995
878,28,21,1956.83,1,18.667057,1.5231581
879,12,14,1795.23,1,25.10517,7.0203705
880,10,22,730.88,1,24.425663,-19.612389
881,7,11,1583.77,1,27.034548,11.800048
882,18,2,169.75,2,-31.97287,-6.922337
883,18,6,1607.65,2,2.620141,13.803636
884,68,3,916.19,0,-4.8486786,-10.452754
885,20,23,681.57,1,21.983608,-14.744605
886,16,12,1528.57,1,21.088305,9.556306
887,5,28,1396.47,1,33.60809,-6.8482747
888,3,3,259.83,2,-37.569298,5.4297056
889,4,6,1804.3,2,-1.8633523,27.152267
890,15,21,1073.82,1,25.740713,-15.313492
891,27,11,884.15,2,7.0017023,-6.5184784
892,16,7,411.65,2,-17.983854,-9.787662
893,20,20,933.47,1,19.504257,-15.173929
894,9,19,1692.98,1,29.822777,0.7984157
895,1,14,1168.04,1,19.402224,-28.549814
896,18,9,289.67,2,-16.483963,-12.596759
897,21,6,1527.15,2,2.5758855,12.390308
898,1,20,1951.03,1,33.970367,0.49015042
899,0,4,1331.32,2,-9.029017,27.333382
900,13,27,719.12,1,27.38042,-18.494383
901,16,6,735.31,2,-15.581001,-6.514932
902,56,4,1869.92,0,-3.101607,-8.202608
903,26,1,150.18,2,-31.366339,-12.891461
904,24,2,157.54,2,-31.456179,-11.670945
905,2,9,1748.72,1,0.2673229,27.974646
906,15,3,890.99,2,-15.89086,8.071795
907,16,11,649.79,2,9.100325,-20.250935
908,23,27,1628.78,1,27.17413,-10.248125
909,21,2,1599.24,2,-2.4576497,10.706142
910,12,23,1550.61,1,30.191412,-4.906037
911,8,1,183.55,2,-37.558582,1.1517545
912,26,5,1230.32,2,-1.7803153,3.1285515
913,9,14,1627.19,1,26.304424,8.779695
914,11,28,1154.7,1,32.677525,-8.2314205
915,17,1,33.58,2,-33.862328,-6.2293186
916,15,9,1959.64,1,4.6800613,19.005451
917,10,22,1581.14,1,30.698414,-3.6258106
918,27,5,1879.82,2,2.0168824,8.166241
919,25,3,1142.4,2,-6.219178,4.0013695
920,15,1,174.64,2,-33.160995,-4.789496
921,5,2,638.81,2,-28.278847,13.408991
922,19,4,1067.78,2,-11.803517,9.198206
923,14,22,1345.92,1,28.614523,-6.4212403
924,6,3,1311.06,2,-10.827464,25.496302
925,26,8,962.62,2,4.3350434,-3.8020315
926,23,1,285.97,2,-30.2497,-10.771095
927,17,17,1651.68,1,23.413784,1.0538777
928,16,3,1503.87,2,-4.1151586,15.923975
929,6,13,1506.48,1,26.59591,10.859476
930,22,24,625.12,1,21.92022,-13.940237
931,28,17,1742.95,1,16.34533,1.7069277
932,17,26,1292.21,1,26.80564,-8.770784
933,16,7,1801.38,2,3.602673,17.742487
934,1,27,1585.1,1,34.15277,-5.7238874
935,17,27,7795.03,1,13.232746,15.147166
936,2,17,2341.93,1,31.868599,5.2876353
937,1,5,1865.78,2,-2.998349,29.191322
938,19,4,1163.08,2,-10.983948,9.841881
939,9,7,1007.06,2,-19.074116,14.265884
940,27,7,1322.94,2,0.56937844,2.4018037
941,30,4,860.41,2,-8.579434,1.6201404
942,22,1,776.7,2,-16.099304,2.4510784
